id;street_address;postal_code;city;state_province
1;Bicycle turquoise;Soul bypassing;Willmsfurt;Yemen
2;dolorum Northwest Convertible;solutions male;Roanoke;Porsche Classical
3;Avon Road wholly;Implementation;Odessa;composite Rustic Future
4;Road unwritten flexibility;nonconforming fluid;Port Baronfurt;Representative Tasty
5;Technetium West Operations;Account black hacking;East Cotybury;Orchestrator Supervisor
6;Mongolia at;indigo;Jakubowskiville;beseech York hospitable
7;farad Handcrafted;Bicycle Wooden Road;Wardtown;thoughtfully
8;Forward withdrawal;Lesotho Operations pleasing;Mertzcester;female initiatives
9;person;Interactions Fish Barium;Naomifield;Barthelemy gentle
10;Shoals Southwest;North Avon however;East Leanneland;salmon sheepishly
